{"cameraMode":{"drawMode":0,"name":"Shaded","section":"Shading Mode"},"sceneLighting":true,"audioPlay":false,"sceneViewState":{"m_AlwaysRefresh":false,"showFog":true,"showSkybox":true,"showFlares":true,"showImageEffects":true,"showParticleSystems":true,"showVisualEffectGraphs":true,"m_FxEnabled":true},"in2DMode":false,"pivot":{"x":7.986231327056885,"y":58.44221115112305,"z":275.9189147949219},"rotation":{"x":0.02183498628437519,"y":0.6691849231719971,"z":-0.019678454846143724,"w":0.7425155639648438},"size":11.519097328186036,"orthographic":false}